{"cameraMode":{"drawMode":0,"name":"Shaded","section":"Shading Mode"},"sceneLighting":false,"audioPlay":false,"sceneViewState":{"m_AlwaysRefresh":false,"showFog":true,"showSkybox":true,"showFlares":true,"showImageEffects":true,"showParticleSystems":true,"showVisualEffectGraphs":true,"m_FxEnabled":true},"in2DMode":false,"pivot":{"x":0.27359479665756228,"y":1.1587313413619996,"z":-0.026680143550038339},"rotation":{"x":-0.0001549623702885583,"y":0.9866461157798767,"z":-0.1630835384130478,"w":-0.001183561165817082},"size":0.3298620581626892,"orthographic":false}