{"cameraMode":{"drawMode":0,"name":"Shaded","section":"Shading Mode"},"sceneLighting":false,"audioPlay":false,"sceneViewState":{"m_AlwaysRefresh":false,"showFog":true,"showSkybox":true,"showFlares":true,"showImageEffects":true,"showParticleSystems":true,"showVisualEffectGraphs":true,"m_FxEnabled":true},"in2DMode":false,"pivot":{"x":-0.19111758470535279,"y":0.059277649968862537,"z":0.5535531044006348},"rotation":{"x":-0.43733495473861697,"y":-0.5546593070030212,"z":0.4334316551685333,"w":-0.5596762299537659},"size":0.17369244992733003,"orthographic":false}