{"cameraMode":{"drawMode":0,"name":"Shaded","section":"Shading Mode"},"sceneLighting":false,"audioPlay":false,"sceneViewState":{"m_AlwaysRefresh":false,"showFog":true,"showSkybox":true,"showFlares":true,"showImageEffects":true,"showParticleSystems":true,"showVisualEffectGraphs":true,"m_FxEnabled":true},"in2DMode":false,"pivot":{"x":-0.09942206740379334,"y":0.006710231304168701,"z":-0.011322058737277985},"rotation":{"x":-0.43733495473861697,"y":-0.5546593070030212,"z":0.4334316551685333,"w":-0.5596762299537659},"size":0.19412395358085633,"orthographic":false}