{"cameraMode":{"drawMode":0,"name":"Shaded","section":"Shading Mode"},"sceneLighting":false,"audioPlay":false,"sceneViewState":{"m_AlwaysRefresh":false,"showFog":true,"showSkybox":true,"showFlares":true,"showImageEffects":true,"showParticleSystems":true,"showVisualEffectGraphs":true,"m_FxEnabled":true},"in2DMode":false,"pivot":{"x":24.203847885131837,"y":10.837867736816407,"z":15.81379508972168},"rotation":{"x":0.20245979726314546,"y":-0.6932541131973267,"z":0.21330375969409944,"w":0.657972514629364},"size":33.639156341552737,"orthographic":false}